Designator,Comment,Footprint,LCSC Part Number
"C1, C2, C3, C4, C5, C9, C11, C20, C29, C30, C31, C32, C33, C34, C35, C36, C37, C38, C39, C40, C41",0.1uF,Capacitor_SMD:C_0402_1005Metric,C1525
"C6, C8, C21, C22, C27, C28",1uF,Capacitor_SMD:C_0402_1005Metric,C52923
"C7, C25, C26",10uF,Capacitor_SMD:C_0603_1608Metric,C19702
"C10, C23, C24",4.7uF,Capacitor_SMD:C_0603_1608Metric,C19666
C12,1nF,Capacitor_SMD:C_0402_1005Metric,C1523
C13,33nF,Capacitor_SMD:C_0402_1005Metric,C1585
"C14, C15",22pF,Capacitor_SMD:C_0402_1005Metric,C1555
C16,2.2nF,Capacitor_SMD:C_0402_1005Metric,C1531
C17,1.5pF,Capacitor_SMD:C_0402_1005Metric,C1552
C18,4.7pF,Capacitor_SMD:C_0402_1005Metric,C1569
C19,1.0pF,Capacitor_SMD:C_0402_1005Metric,C1550
"D1, D2, D3, D4, D5, D6, D7, D8, D9, D10, D11, D12, D13, D14, D15, D16, D17, D18, D19, D20, D21, D22, D23, D24, D25, D26, D27, D28, D29, D30, D31, D32, D33, D34, D35, D36, D37, D38, D39, D40, D41, D42, D43, D44, D45, D46, D47, D48, D49, D50, D51, D52, D53, D54, D55, D56, D57, D58, D59, D60, D61, D62, D63, D64, D65, D66, D67, D68",D_Small,Diode_SMD:D_SOD-323_HandSoldering,C2128
"D69, D73, D74, D75, D76, D77, D78, D79, D80, D81, D82, D83",WS2812B,LED_SMD:LED_WS2812B_PLCC4_5.0x5.0mm_P3.2mm,C114586
"D70, D72",G_LED,LED_SMD:LED_0603_1608Metric,C72043
D71,Y_LED,LED_SMD:LED_0603_1608Metric,C72038
FB1,60 @ 100MHz,Resistor_SMD:R_0603_1608Metric_Pad1.05x0.95mm_HandSolder,C76816
"H1, H2, H3, H4",MountingHole,MountingHole:MountingHole_4.3mm_M4,
J1,Conn_ARM_JTAG_SWD_10,Connector_PinHeader_1.27mm:PinHeader_2x05_P1.27mm_Vertical_SMD,
J2,SMA,lib_fp:SMA_Amphenol_132289_EdgeMount,
J3,USB_B,lib_fp:USB-B1HSW6,
"J4, J5",S2B-PH-SM4-TB,lib_fp:JST_PH_S2B-PH-SM4-TB_1x02-1MP_P2.00mm_Horizontal,
J6,Conn_01x04,lib_fp:OLED_Display,
L1,8.2nH,Inductor_SMD:L_0402_1005Metric,C16208
L2,2.7nH,Inductor_SMD:L_0402_1005Metric,C27123
L3,3.9nH,Inductor_SMD:L_0402_1005Metric,C13818
"R1, R2, R7",22K,Resistor_SMD:R_0402_1005Metric,C25768
R3,1M,Resistor_SMD:R_0603_1608Metric_Pad1.05x0.95mm_HandSolder,
"R5, R11, R12",100R,Resistor_SMD:R_0402_1005Metric,C25076
"R6, R15",1.2K,Resistor_SMD:R_0402_1005Metric,C25862
R8,1K,Resistor_SMD:R_0402_1005Metric,C25726
"R9, R13, R18",100K,Resistor_SMD:R_0402_1005Metric,C25741
R10,10K,Resistor_SMD:R_0603_1608Metric_Pad1.05x0.95mm_HandSolder,DNP
R14,30m,Resistor_SMD:R_0805_2012Metric,C247605
"R16, R17",3.3K,Resistor_SMD:R_0603_1608Metric_Pad1.05x0.95mm_HandSolder,C22978
SW1,RESET,lib_fp:SW_SPST_B3S-1000,
SW2,`,MX_Only:MXOnly-1U-Hotswap,
SW3,1,MX_Only:MXOnly-1U-Hotswap,
SW4,2,MX_Only:MXOnly-1U-Hotswap,
SW5,3,MX_Only:MXOnly-1U-Hotswap,
SW6,4,MX_Only:MXOnly-1U-Hotswap,
SW7,5,MX_Only:MXOnly-1U-Hotswap,
SW8,6,MX_Only:MXOnly-1U-Hotswap,
SW9,7,MX_Only:MXOnly-1U-Hotswap,
SW10,8,MX_Only:MXOnly-1U-Hotswap,
SW11,9,MX_Only:MXOnly-1U-Hotswap,
SW12,0,MX_Only:MXOnly-1U-Hotswap,
SW13,-,MX_Only:MXOnly-1U-Hotswap,
SW14,=,MX_Only:MXOnly-1U-Hotswap,
SW15,BACKSPACE,MX_Only:MXOnly-2U-Hotswap,
SW16,HOME,MX_Only:MXOnly-1U-Hotswap,
SW17,TAB,MX_Only:MXOnly-1.5U-Hotswap,
SW18,CAPS LOCK,MX_Only:MXOnly-1.75U-Hotswap,
SW19,L_SHIFT,MX_Only:MXOnly-2.25U-Hotswap,
SW20,L_CTRL,MX_Only:MXOnly-1.25U-Hotswap,
SW21,Q,MX_Only:MXOnly-1U-Hotswap,
SW22,A,MX_Only:MXOnly-1U-Hotswap,
SW23,Z,MX_Only:MXOnly-1U-Hotswap,
SW24,WIN,MX_Only:MXOnly-1.25U-Hotswap,
SW25,W,MX_Only:MXOnly-1U-Hotswap,
SW26,S,MX_Only:MXOnly-1U-Hotswap,
SW27,X,MX_Only:MXOnly-1U-Hotswap,
SW28,L_ALT,MX_Only:MXOnly-1.25U-Hotswap,
SW29,E,MX_Only:MXOnly-1U-Hotswap,
SW30,D,MX_Only:MXOnly-1U-Hotswap,
SW31,C,MX_Only:MXOnly-1U-Hotswap,
SW32,SPACE,MX_Only:MXOnly-6.25U-Hotswap,
SW33,R,MX_Only:MXOnly-1U-Hotswap,
SW34,F,MX_Only:MXOnly-1U-Hotswap,
SW35,V,MX_Only:MXOnly-1U-Hotswap,
SW36,R_ALT,MX_Only:MXOnly-1U-Hotswap,
SW37,T,MX_Only:MXOnly-1U-Hotswap,
SW38,G,MX_Only:MXOnly-1U-Hotswap,
SW39,B,MX_Only:MXOnly-1U-Hotswap,
SW40,FN,MX_Only:MXOnly-1U-Hotswap,
SW41,Y,MX_Only:MXOnly-1U-Hotswap,
SW42,H,MX_Only:MXOnly-1U-Hotswap,
SW43,N,MX_Only:MXOnly-1U-Hotswap,
SW44,R_CTRL,MX_Only:MXOnly-1U-Hotswap,
SW45,U,MX_Only:MXOnly-1U-Hotswap,
SW46,J,MX_Only:MXOnly-1U-Hotswap,
SW47,M,MX_Only:MXOnly-1U-Hotswap,
SW48,LEFT,MX_Only:MXOnly-1U-Hotswap,
SW49,I,MX_Only:MXOnly-1U-Hotswap,
SW50,K,MX_Only:MXOnly-1U-Hotswap,
SW51,",",MX_Only:MXOnly-1U-Hotswap,
SW52,DOWN,MX_Only:MXOnly-1U-Hotswap,
SW53,O,MX_Only:MXOnly-1U-Hotswap,
SW54,L,MX_Only:MXOnly-1U-Hotswap,
SW55,.,MX_Only:MXOnly-1U-Hotswap,
SW56,RIGHT,MX_Only:MXOnly-1U-Hotswap,
SW57,P,MX_Only:MXOnly-1U-Hotswap,
SW58,;,MX_Only:MXOnly-1U-Hotswap,
SW59,/,MX_Only:MXOnly-1U-Hotswap,
SW60,[,MX_Only:MXOnly-1U-Hotswap,
SW61,',MX_Only:MXOnly-1U-Hotswap,
SW62,R_SHIFT,MX_Only:MXOnly-1.75U-Hotswap,
SW63,],MX_Only:MXOnly-1U-Hotswap,
SW64,ENTER,MX_Only:MXOnly-2.25U-Hotswap,
SW65,UP,MX_Only:MXOnly-1U-Hotswap,
SW66,\,MX_Only:MXOnly-1.5U-Hotswap,
SW67,PAGE DOWN,MX_Only:MXOnly-1U-Hotswap,
SW68,END,MX_Only:MXOnly-1U-Hotswap,
SW69,PAGE UP,MX_Only:MXOnly-1U-Hotswap,
SW70,BOOT0,lib_fp:SW_SPST_B3S-1000,
SW71,SW_SPDT,lib_fp:SW_CuK_OS102011MA1QN1_SPDT_Angled,
U1,STM32L452CEUx,Package_DFN_QFN:QFN-48-1EP_7x7mm_P0.5mm_EP5.6x5.6mm,C222355
U2,nRF24L01P,Package_DFN_QFN:QFN-20-1EP_4x4mm_P0.5mm_EP2.5x2.5mm,C8791
U3,USBLC6-2SC6,Package_TO_SOT_SMD:SOT-23-6,C7519
U4,BQ24075,lib_fp:QFN-16-1EP_3x3mm_P0.5mm_EP1.7x1.7mm,C15464
U6,STC3100,Package_DFN_QFN:DFN-8-1EP_3x3mm_P0.5mm_EP1.66x2.38mm,C155587
U7,LD39050P,Package_DFN_QFN:DFN-6-1EP_3x3mm_P0.95mm_EP1.7x2.6mm,C132827
Y2,Crystal_GND24,Crystal:Crystal_SMD_3225-4Pin_3.2x2.5mm,C12668
